-- phpMyAdmin SQL Dump
-- version 4.8.0.1
-- https://www.phpmyadmin.net/
--
-- Host: 127.0.0.1
-- Generation Time: Sep 05, 2018 at 02:59 PM
-- Server version: 10.1.32-MariaDB
-- PHP Version: 5.6.36

SET SQL_MODE = "NO_AUTO_VALUE_ON_ZERO";
SET AUTOCOMMIT = 0;
START TRANSACTION;
SET time_zone = "+00:00";


/*!40101 SET @OLD_CHARACTER_SET_CLIENT=@@CHARACTER_SET_CLIENT */;
/*!40101 SET @OLD_CHARACTER_SET_RESULTS=@@CHARACTER_SET_RESULTS */;
/*!40101 SET @OLD_COLLATION_CONNECTION=@@COLLATION_CONNECTION */;
/*!40101 SET NAMES utf8mb4 */;

--
-- Database: `project`
--

-- --------------------------------------------------------

--
-- Table structure for table `admin`
--

CREATE TABLE `admin` (
  `email` varchar(50) NOT NULL,
  `password` varchar(500) NOT NULL
) ENGINE=InnoDB DEFAULT CHARSET=utf8;

--
-- Dumping data for table `admin`
--

INSERT INTO `admin` (`email`, `password`) VALUES
('test@test.com', '123456');

-- --------------------------------------------------------

--
-- Table structure for table `answer`
--

CREATE TABLE `answer` (
  `qid` text NOT NULL,
  `ansid` text NOT NULL
) ENGINE=InnoDB DEFAULT CHARSET=utf8;

--
-- Dumping data for table `answer`
--

INSERT INTO `answer` (`qid`, `ansid`) VALUES
('558922117fcef', '5589221195248'),
('55892211e44d5', '55892211f1fa7'),
('558922894c453', '558922895ea0a'),
('558922899ccaa', '55892289aa7cf'),
('558923538f48d', '558923539a46c'),
('55892353f05c4', '55892354051be'),
('558973f4389ac', '558973f462e61'),
('558973f4c46f2', '558973f4d4abe'),
('558973f51600d', '558973f526fc5'),
('558973f55d269', '558973f57af07'),
('558973f5abb1a', '558973f5e764a'),
('5b7e412c7dca2', '5b7e412c918f3'),
('5b7e412cc4938', '5b7e412ccc896'),
('5b7e412d015ab', '5b7e412d09383'),
('5b7e412d4ffa4', '5b7e412d69559'),
('5b7e412daf79b', '5b7e412dcc91d');

-- --------------------------------------------------------

--
-- Table structure for table `feedback`
--

CREATE TABLE `feedback` (
  `id` text NOT NULL,
  `name` varchar(50) NOT NULL,
  `email` varchar(50) NOT NULL,
  `subject` varchar(500) NOT NULL,
  `feedback` varchar(500) NOT NULL,
  `date` date NOT NULL,
  `time` varchar(50) NOT NULL
) ENGINE=InnoDB DEFAULT CHARSET=utf8;

--
-- Dumping data for table `feedback`
--

INSERT INTO `feedback` (`id`, `name`, `email`, `subject`, `feedback`, `date`, `time`) VALUES
('55846be776610', 'testing', 'sunnygkp10@gmail.com', 'testing', 'testing stART', '2015-06-19', '09:22:15pm'),
('5584ddd0da0ab', 'netcamp', 'sunnygkp10@gmail.com', 'feedback', ';mLBLB', '2015-06-20', '05:28:16am'),
('558510a8a1234', 'sunnygkp10', 'sunnygkp10@gmail.com', 'dl;dsnklfn', 'fmdsfld fdj', '2015-06-20', '09:05:12am'),
('5585509097ae2', 'sunny', 'sunnygkp10@gmail.com', 'kcsncsk', 'l.mdsavn', '2015-06-20', '01:37:52pm'),
('5586ee27af2c9', 'vikas', 'vikas@gmail.com', 'trial feedback', 'triaal feedbak', '2015-06-21', '07:02:31pm'),
('5589858b6c43b', 'nik', 'nik1@gmail.com', 'good', 'good site', '2015-06-23', '06:12:59pm');

-- --------------------------------------------------------

--
-- Table structure for table `history`
--

CREATE TABLE `history` (
  `email` varchar(50) NOT NULL,
  `eid` text NOT NULL,
  `score` int(11) NOT NULL,
  `level` int(11) NOT NULL,
  `sahi` int(11) NOT NULL,
  `wrong` int(11) NOT NULL,
  `date` timestamp NOT NULL DEFAULT CURRENT_TIMESTAMP ON UPDATE CURRENT_TIMESTAMP
) ENGINE=InnoDB DEFAULT CHARSET=utf8;

--
-- Dumping data for table `history`
--

INSERT INTO `history` (`email`, `eid`, `score`, `level`, `sahi`, `wrong`, `date`) VALUES
('sunnygkp10@gmail.com', '558921841f1ec', 4, 2, 2, 0, '2015-06-23 09:31:26'),
('avantika420@gmail.com', '558921841f1ec', 4, 2, 2, 0, '2015-06-23 14:33:04'),
('avantika420@gmail.com', '5589222f16b93', 4, 2, 2, 0, '2015-06-23 14:49:39'),
('mi5@hollywood.com', '5589222f16b93', 4, 2, 2, 0, '2015-06-23 15:12:56'),
('nik1@gmail.com', '558921841f1ec', 1, 2, 1, 1, '2015-06-23 16:11:50'),
('sunnygkp10@gmail.com', '5589222f16b93', 1, 2, 1, 1, '2015-06-24 03:22:38'),
('sunnygkp10@gmail.com', '55897338a6659', 4, 5, 3, 2, '2018-08-23 04:58:54'),
('sunnygkp10@gmail.com', '5b7e3fe2bf070', 5, 5, 5, 0, '2018-08-23 05:33:36'),
('shiva.pacetraining@gmail.com', '5b7e3fe2bf070', 5, 5, 5, 0, '2018-08-23 08:27:30'),
('test@test.com', '5b7e3fe2bf070', 5, 5, 5, 0, '2018-09-03 09:31:01'),
('test@test.com', '5b8d000a18d4b', 1, 1, 1, 0, '2018-09-05 04:46:30'),
('test@test.com', '55897338a6659', -2, 5, 1, 4, '2018-09-05 04:46:59'),
('test@testa.com', '5b7e3fe2bf070', 0, 5, 0, 5, '2018-09-05 09:33:39');

-- --------------------------------------------------------

--
-- Table structure for table `options`
--

CREATE TABLE `options` (
  `qid` varchar(50) NOT NULL,
  `option` varchar(5000) NOT NULL,
  `optionid` text NOT NULL
) ENGINE=InnoDB DEFAULT CHARSET=utf8;

--
-- Dumping data for table `options`
--

INSERT INTO `options` (`qid`, `option`, `optionid`) VALUES
('558922117fcef', 'echo', '5589221195248'),
('558922117fcef', 'print', '558922119525a'),
('558922117fcef', 'printf', '5589221195265'),
('558922117fcef', 'cout', '5589221195270'),
('55892211e44d5', 'int a', '55892211f1f97'),
('55892211e44d5', '$a', '55892211f1fa7'),
('55892211e44d5', 'long int a', '55892211f1fb4'),
('55892211e44d5', 'int a$', '55892211f1fbd'),
('558922894c453', 'cin>>a;', '558922895ea0a'),
('558922894c453', 'cin<<a;', '558922895ea26'),
('558922894c453', 'cout>>a;', '558922895ea34'),
('558922894c453', 'cout<a;', '558922895ea41'),
('558922899ccaa', 'cout', '55892289aa7cf'),
('558922899ccaa', 'cin', '55892289aa7df'),
('558922899ccaa', 'print', '55892289aa7eb'),
('558922899ccaa', 'printf', '55892289aa7f5'),
('558923538f48d', '255.0.0.0', '558923539a46c'),
('558923538f48d', '255.255.255.0', '558923539a480'),
('558923538f48d', '255.255.0.0', '558923539a48b'),
('558923538f48d', 'none of these', '558923539a495'),
('55892353f05c4', '192.168.1.100', '5589235405192'),
('55892353f05c4', '172.168.16.2', '55892354051a3'),
('55892353f05c4', '10.0.0.0.1', '55892354051b4'),
('55892353f05c4', '11.11.11.11', '55892354051be'),
('558973f4389ac', 'containing root file-system required during bootup', '558973f462e44'),
('558973f4389ac', ' Contains only scripts to be executed during bootup', '558973f462e56'),
('558973f4389ac', ' Contains root-file system and drivers required to be preloaded during bootup', '558973f462e61'),
('558973f4389ac', 'None of the above', '558973f462e6b'),
('558973f4c46f2', 'Kernel', '558973f4d4abe'),
('558973f4c46f2', 'Shell', '558973f4d4acf'),
('558973f4c46f2', 'Commands', '558973f4d4ad9'),
('558973f4c46f2', 'Script', '558973f4d4ae3'),
('558973f51600d', 'Boot Loading', '558973f526f9d'),
('558973f51600d', ' Boot Record', '558973f526fb9'),
('558973f51600d', ' Boot Strapping', '558973f526fc5'),
('558973f51600d', ' Booting', '558973f526fce'),
('558973f55d269', ' Quick boot', '558973f57aef1'),
('558973f55d269', 'Cold boot', '558973f57af07'),
('558973f55d269', ' Hot boot', '558973f57af17'),
('558973f55d269', ' Fast boot', '558973f57af27'),
('558973f5abb1a', 'bash', '558973f5e7623'),
('558973f5abb1a', ' Csh', '558973f5e7636'),
('558973f5abb1a', ' ksh', '558973f5e7640'),
('558973f5abb1a', ' sh', '558973f5e764a'),
('5b7e412c7dca2', 'php', '5b7e412c918f3'),
('5b7e412c7dca2', 'html', '5b7e412c91917'),
('5b7e412c7dca2', 'vb', '5b7e412c9192b'),
('5b7e412c7dca2', 'js', '5b7e412c9193e'),
('5b7e412cc4938', 'html,s,php', '5b7e412ccc896'),
('5b7e412cc4938', 'vb,net,java', '5b7e412ccc8ad'),
('5b7e412cc4938', 'none', '5b7e412ccc8b7'),
('5b7e412cc4938', 'c++', '5b7e412ccc8bf'),
('5b7e412d015ab', 'doctype', '5b7e412d09383'),
('5b7e412d015ab', 'html', '5b7e412d0938e'),
('5b7e412d015ab', 'head', '5b7e412d09392'),
('5b7e412d015ab', 'body', '5b7e412d09395'),
('5b7e412d4ffa4', 'set of instructions', '5b7e412d69559'),
('5b7e412d4ffa4', 'linesof code', '5b7e412d69575'),
('5b7e412d4ffa4', 'executable', '5b7e412d69585'),
('5b7e412d4ffa4', 'text', '5b7e412d69594'),
('5b7e412daf79b', 'web design', '5b7e412dcc91d'),
('5b7e412daf79b', 'development', '5b7e412dcc933'),
('5b7e412daf79b', 'execute', '5b7e412dcc93d'),
('5b7e412daf79b', 'none', '5b7e412dcc945');

-- --------------------------------------------------------

--
-- Table structure for table `questions`
--

CREATE TABLE `questions` (
  `eid` text NOT NULL,
  `qid` text NOT NULL,
  `qns` text NOT NULL,
  `choice` int(10) NOT NULL,
  `sn` int(11) NOT NULL
) ENGINE=InnoDB DEFAULT CHARSET=utf8;

--
-- Dumping data for table `questions`
--

INSERT INTO `questions` (`eid`, `qid`, `qns`, `choice`, `sn`) VALUES
('558921841f1ec', '558922117fcef', 'what is command for print in php??', 4, 1),
('558921841f1ec', '55892211e44d5', 'which is a variable of php??', 4, 2),
('5589222f16b93', '558922894c453', 'what is correct statement in c++??', 4, 1),
('5589222f16b93', '558922899ccaa', 'which command is use for print the output in c++?', 4, 2),
('558922ec03021', '558923538f48d', 'what is correct mask for A class IP???', 4, 1),
('558922ec03021', '55892353f05c4', 'which is not a private IP??', 4, 2),
('55897338a6659', '558973f4389ac', 'On Linux, initrd is a file', 4, 1),
('55897338a6659', '558973f4c46f2', 'Which is loaded into memory when system is booted?', 4, 2),
('55897338a6659', '558973f51600d', ' The process of starting up a computer is known as', 4, 3),
('55897338a6659', '558973f55d269', ' Bootstrapping is also known as', 4, 4),
('55897338a6659', '558973f5abb1a', 'The shell used for Single user mode shell is:', 4, 5),
('5b7e3fe2bf070', '5b7e412c7dca2', 'choose server script.', 4, 1),
('5b7e3fe2bf070', '5b7e412cc4938', 'select pairs used in web design', 4, 2),
('5b7e3fe2bf070', '5b7e412d015ab', 'what is first tag in html', 4, 3),
('5b7e3fe2bf070', '5b7e412d4ffa4', 'fill blank. program is?', 4, 4),
('5b7e3fe2bf070', '5b7e412daf79b', 'html for', 4, 5);

-- --------------------------------------------------------

--
-- Table structure for table `quiz`
--

CREATE TABLE `quiz` (
  `eid` text NOT NULL,
  `title` varchar(100) NOT NULL,
  `sahi` int(11) NOT NULL,
  `wrong` int(11) NOT NULL,
  `total` int(11) NOT NULL,
  `time` bigint(20) NOT NULL,
  `intro` text NOT NULL,
  `tag` varchar(100) NOT NULL,
  `date` timestamp NOT NULL DEFAULT CURRENT_TIMESTAMP ON UPDATE CURRENT_TIMESTAMP
) ENGINE=InnoDB DEFAULT CHARSET=utf8;

--
-- Dumping data for table `quiz`
--

INSERT INTO `quiz` (`eid`, `title`, `sahi`, `wrong`, `total`, `time`, `intro`, `tag`, `date`) VALUES
('558921841f1ec', 'Php Coding', 2, 1, 2, 5, '', 'PHP', '2015-06-23 09:06:12'),
('5589222f16b93', 'C++ Coding', 2, 1, 2, 5, '', 'c++', '2015-06-23 09:09:03'),
('558922ec03021', 'Networking', 2, 1, 2, 5, '', 'networking', '2015-06-23 09:12:12'),
('55897338a6659', 'Linux:startup', 2, 1, 5, 10, '', 'linux', '2015-06-23 14:54:48'),
('5b7e3fe2bf070', 'Code', 1, 0, 5, 5, 'this is for sample', 'code', '2018-08-23 05:02:26'),
('5b8d000a18d4b', 'Title', 1, 0, 3, 3, 'this example o testing', 'math', '2018-09-03 09:34:02');

-- --------------------------------------------------------

--
-- Table structure for table `rank`
--

CREATE TABLE `rank` (
  `email` varchar(50) NOT NULL,
  `score` int(11) NOT NULL,
  `time` timestamp NOT NULL DEFAULT CURRENT_TIMESTAMP ON UPDATE CURRENT_TIMESTAMP
) ENGINE=InnoDB DEFAULT CHARSET=utf8;

--
-- Dumping data for table `rank`
--

INSERT INTO `rank` (`email`, `score`, `time`) VALUES
('sunnygkp10@gmail.com', 4, '2018-08-23 05:33:13'),
('avantika420@gmail.com', 8, '2015-06-23 14:49:39'),
('mi5@hollywood.com', 4, '2015-06-23 15:12:56'),
('nik1@gmail.com', 1, '2015-06-23 16:11:50');

-- --------------------------------------------------------

--
-- Table structure for table `user`
--

CREATE TABLE `user` (
  `name` varchar(50) NOT NULL,
  `gender` varchar(5) NOT NULL,
  `date` varchar(10) NOT NULL,
  `email` varchar(50) NOT NULL,
  `mob` bigint(20) NOT NULL,
  `password` varchar(50) NOT NULL,
  `country` text NOT NULL,
  `state` text NOT NULL
) ENGINE=InnoDB DEFAULT CHARSET=utf8;

--
-- Dumping data for table `user`
--

INSERT INTO `user` (`name`, `gender`, `date`, `email`, `mob`, `password`, `country`, `state`) VALUES
('Titlea', 'M', '1970-01-01', 'emails@mail.comas', 1234567890, '1a1dc91c907325c69271ddf0c944bc72', 'Contry', 'State');

--
-- Indexes for dumped tables
--

--
-- Indexes for table `user`
--
ALTER TABLE `user`
  ADD PRIMARY KEY (`email`);
COMMIT;

/*!40101 SET CHARACTER_SET_CLIENT=@OLD_CHARACTER_SET_CLIENT */;
/*!40101 SET CHARACTER_SET_RESULTS=@OLD_CHARACTER_SET_RESULTS */;
/*!40101 SET COLLATION_CONNECTION=@OLD_COLLATION_CONNECTION */;
